{
  "target_temps": [
    10.05,
    12.041666666666666,
    14.0,
    16.0,
    18.0,
    20.040816326530614,
    22.0,
    24.0,
    26.0,
    28.0,
    30.040816326530614,
    32.0,
    34.04081632653061,
    36.0,
    38.0,
    40.04081632653061,
    42.041666666666664,
    44.04081632653061,
    46.04081632653061,
    48.0,
    50.0
  ],
  "liquid_offsets": [
    1.6988195364999985,
    1.0773754079166675,
    1.3763105425000006,
    1.3664541175000018,
    1.0839234520408176,
    0.7871247071428549,
    0.6655407668750009,
    0.7147814772916661,
    0.7795667624999965,
    0.8319961746938773,
    0.7816019581632645,
    0.8026772320833331,
    0.507867302653068,
    -0.3860217762499971,
    -0.6590445900000006,
    -0.7932656030612293,
    -1.023901627916672,
    -1.2615825181632658,
    -1.5135530769387842,
    -1.7257850065306144,
    -2.0386819897916624
  ],
  "interp_kind": "cubic",
  "temp_min": 10.05,
  "temp_max": 50.0,
  "rmse": 1.1102230246251565e-16,
  "r_squared": 1.0
}